label,ht_in,wt,arm_in,wing_in,c_reps,c_10y,c_40y,c_vj_in,c_bj_in,c_3c,c_ss20,est_40y,underclassman,athleticism_score,production_score,final_score,imp_grade,posi_CB,posi_DB,posi_DC,posi_DE,posi_DL,posi_DT,posi_EDGE,posi_FB,posi_FS,posi_G,posi_IB,posi_K,posi_LB,posi_LS,posi_NT,posi_OB,posi_OC,posi_OG,posi_OH,posi_OL,posi_OT,posi_P,posi_QB,posi_RB,posi_S,posi_SAF,posi_SS,posi_ST,posi_T,posi_TE,posi_WO,posi_WR,conf_Group of 5,conf_Power 5
ARI_Monti Ossenfort,74.1907894736842,241.8421052631579,32.50657894736842,78.42105263157895,11.473684210526315,1.2689473684210526,3.6836842105263155,27.289473684210527,101.26315789473684,2.34,1.8715789473684212,4.7105263157894735,0.05263157894736842,77.99947368421053,71.67894736842106,74.67842105263158,6.036315789473684,0.21052631578947367,0.0,0.0,0.10526315789473684,0.0,0.05263157894736842,0.05263157894736842,0.0,0.0,0.05263157894736842,0.0,0.0,0.05263157894736842,0.0,0.0,0.0,0.0,0.0,0.0,0.05263157894736842,0.05263157894736842,0.0,0.05263157894736842,0.05263157894736842,0.05263157894736842,0.0,0.0,0.0,0.05263157894736842,0.05263157894736842,0.05263157894736842,0.05263157894736842,0.0,1.0
ARI_Rod Graves,74.56923076923077,255.01538461538462,32.66346153846154,16.753846153846155,15.830769230769231,1.3296923076923077,3.8181538461538462,26.053846153846155,88.3076923076923,4.625692307692308,2.9866153846153844,0.1456923076923077,0.0,67.05553846153846,67.24815384615385,69.9416923076923,6.045076923076923,0.03076923076923077,0.07692307692307693,0.0,0.046153846153846156,0.16923076923076924,0.015384615384615385,0.0,0.0,0.0,0.015384615384615385,0.015384615384615385,0.0,0.09230769230769231,0.0,0.0,0.03076923076923077,0.03076923076923077,0.0,0.0,0.12307692307692308,0.015384615384615385,0.0,0.06153846153846154,0.06153846153846154,0.0,0.0,0.0,0.0,0.0,0.06153846153846154,0.15384615384615385,0.0,0.09230769230769231,0.7384615384615385
ARI_Steve Keim,73.77715384615385,242.96923076923076,32.32115384615385,77.43661538461538,12.276923076923078,1.1918461538461538,3.451692307692308,22.43076923076923,80.53846153846153,3.9418461538461544,2.387846153846154,1.463846153846154,0.0,71.60261538461539,71.37046153846154,72.57476923076922,6.035846153846154,0.07692307692307693,0.06153846153846154,0.0,0.07692307692307693,0.07692307692307693,0.046153846153846156,0.0,0.0,0.0,0.046153846153846156,0.0,0.0,0.06153846153846154,0.0,0.0,0.0,0.0,0.0,0.0,0.046153846153846156,0.0,0.0,0.046153846153846156,0.1076923076923077,0.03076923076923077,0.0,0.0,0.0,0.046153846153846156,0.07692307692307693,0.13846153846153847,0.0,0.09230769230769231,0.7692307692307693
ATL_Dan Reeves,72.28125,233.75,31.0,0.0,17.0,1.2675,3.585,16.5,86.5,3.775,2.2225,0.0,0.0,43.44,47.885,46.8625,5.925000000000001,0.0,0.0,0.0,0.25,0.0,0.0,0.0,0.25,0.0,0.0,0.0,0.0,0.0,0.0,0.0,0.0,0.0,0.0,0.0,0.0,0.0,0.0,0.0,0.0,0.0,0.0,0.25,0.0,0.0,0.0,0.25,0.0,0.0,1.0
ATL_Rich McKay,73.67241379310344,240.68965517241378,32.72844827586207,0.0,12.862068965517242,1.3144827586206895,3.7586206896551726,26.948275862068964,91.37931034482759,5.809655172413793,3.4727586206896555,0.16551724137931034,0.0,70.72793103448276,64.47862068965517,69.28,6.00103448275862,0.0,0.13793103448275862,0.034482758620689655,0.034482758620689655,0.034482758620689655,0.06896551724137931,0.0,0.0,0.034482758620689655,0.0,0.0,0.0,0.10344827586206896,0.0,0.034482758620689655,0.034482758620689655,0.0,0.0,0.0,0.10344827586206896,0.0,0.0,0.06896551724137931,0.10344827586206896,0.0,0.0,0.0,0.0,0.034482758620689655,0.034482758620689655,0.13793103448275862,0.0,0.10344827586206896,0.6896551724137931
ATL_Terry Fontenot,74.36607142857143,250.25,31.540178571428573,75.77678571428571,6.785714285714286,0.7032142857142858,2.0335714285714284,14.964285714285714,50.107142857142854,0.8028571428571428,0.8278571428571428,4.748214285714285,0.07142857142857142,73.105,71.71214285714287,73.38857142857144,6.093928571428571,0.07142857142857142,0.0,0.0,0.21428571428571427,0.0,0.10714285714285714,0.0,0.0,0.0,0.07142857142857142,0.0,0.0,0.07142857142857142,0.0,0.0,0.0,0.0,0.0,0.0,0.0,0.03571428571428571,0.0,0.07142857142857142,0.10714285714285714,0.03571428571428571,0.03571428571428571,0.0,0.0,0.03571428571428571,0.03571428571428571,0.07142857142857142,0.0,0.07142857142857142,0.8928571428571429
ATL_Thomas Dimitroff,73.63948717948718,242.62820512820514,32.461666666666666,55.920064102564105,16.58974358974359,1.3816666666666666,3.9248717948717946,27.30128205128205,94.01282051282051,4.637948717948718,2.93525641025641,0.3698717948717949,0.0,65.94769230769231,68.24461538461539,69.22461538461539,6.053076923076923,0.05128205128205128,0.1794871794871795,0.0,0.038461538461538464,0.16666666666666666,0.01282051282051282,0.0,0.0,0.0,0.02564102564102564,0.0,0.0,0.1282051282051282,0.0,0.0,0.0,0.0,0.0,0.0,0.10256410256410256,0.0,0.02564102564102564,0.02564102564102564,0.08974358974358974,0.02564102564102564,0.0,0.0,0.0,0.01282051282051282,0.038461538461538464,0.0641025641025641,0.0,0.11538461538461539,0.7692307692307693
BAL_Eric DeCosta,74.11057692307692,243.71153846153845,32.20192307692308,74.42788461538461,7.788461538461538,0.8309615384615385,2.4098076923076923,17.653846153846153,55.23076923076923,1.683846153846154,1.298846153846154,4.078653846153847,0.07692307692307693,72.01634615384616,71.96153846153847,72.69,6.0725,0.15384615384615385,0.0,0.0,0.11538461538461539,0.0,0.07692307692307693,0.0,0.019230769230769232,0.0,0.07692307692307693,0.0,0.0,0.057692307692307696,0.0,0.0,0.0,0.0,0.0,0.0,0.019230769230769232,0.0,0.019230769230769232,0.038461538461538464,0.07692307692307693,0.038461538461538464,0.0,0.0,0.0,0.057692307692307696,0.057692307692307696,0.1346153846153846,0.019230769230769232,0.11538461538461539,0.8846153846153846
BAL_Ozzie Newsome,74.35991869918699,250.21951219512195,32.64028455284553,41.435121951219514,14.34959349593496,1.3802439024390245,3.9713821138211385,27.235772357723576,96.91056910569105,5.432113821138211,3.3601626016260164,0.11056910569105692,0.0,69.00463414634146,67.00008130081301,69.62471544715447,5.998536585365854,0.024390243902439025,0.11382113821138211,0.0,0.06504065040650407,0.11382113821138211,0.024390243902439025,0.0,0.016260162601626018,0.008130081300813009,0.016260162601626018,0.0,0.0,0.07317073170731707,0.0,0.0,0.0,0.0,0.008130081300813009,0.008130081300813009,0.08943089430894309,0.008130081300813009,0.0,0.056910569105691054,0.08130081300813008,0.008130081300813009,0.0,0.008130081300813009,0.0,0.04065040650406504,0.08130081300813008,0.14634146341463414,0.0,0.11382113821138211,0.7398373983739838
BUF_Brandon Beane,73.9409649122807,240.50877192982455,32.122894736842106,77.36868421052633,8.789473684210526,1.1973684210526316,3.492280701754386,23.75438596491228,81.01754385964912,2.68140350877193,2.1178947368421053,3.0715789473684207,0.07017543859649122,69.1001754385965,69.21,70.25087719298246,6.025263157894737,0.10526315789473684,0.017543859649122806,0.0,0.08771929824561403,0.0,0.05263157894736842,0.0,0.0,0.0,0.07017543859649122,0.0,0.017543859649122806,0.14035087719298245,0.0,0.0,0.0,0.0,0.0,0.0,0.0,0.0,0.017543859649122806,0.03508771929824561,0.07017543859649122,0.07017543859649122,0.0,0.0,0.0,0.10526315789473684,0.05263157894736842,0.12280701754385964,0.017543859649122806,0.17543859649122806,0.7192982456140351
BUF_Buddy Nix,73.7890625,248.75,32.515625,77.40625,19.6875,1.4725,3.894375,30.5625,99.8125,5.8925,3.82375,0.0,0.0,69.340625,66.2025,70.1675,6.03125,0.0,0.3125,0.0,0.0,0.0625,0.0,0.0,0.0,0.0,0.0,0.0,0.0,0.25,0.0,0.0,0.0,0.0,0.0,0.0,0.25,0.0,0.0,0.0,0.0625,0.0,0.0,0.0,0.0,0.0,0.0,0.0625,0.0,0.0,0.875
BUF_Doug Whaley,73.96,239.96,32.555,78.38,12.44,1.5284,4.3564,28.82,101.88,4.7244,3.3656,0.0,0.0,68.6948,66.9152,69.38600000000001,6.0451999999999995,0.04,0.12,0.0,0.04,0.0,0.04,0.0,0.0,0.0,0.0,0.0,0.04,0.12,0.0,0.0,0.0,0.0,0.0,0.0,0.16,0.0,0.0,0.08,0.08,0.0,0.0,0.0,0.0,0.0,0.08,0.2,0.0,0.04,0.88
BUF_Marv Levy,73.99107142857143,244.92857142857142,32.330357142857146,0.0,18.285714285714285,1.4164285714285714,4.067142857142857,27.928571428571427,92.57142857142857,5.105714285714286,3.0914285714285716,0.0,0.0,72.29642857142856,66.23928571428571,70.66571428571429,5.994285714285715,0.0,0.2857142857142857,0.0,0.0,0.14285714285714285,0.0,0.0,0.0,0.0,0.0,0.0,0.0,0.14285714285714285,0.0,0.0,0.0,0.0,0.0,0.0,0.14285714285714285,0.0,0.0,0.07142857142857142,0.14285714285714285,0.0,0.0,0.0,0.0,0.0,0.07142857142857142,0.0,0.0,0.2857142857142857,0.6428571428571429
BUF_Russ Brandon,74.42045454545455,250.22727272727272,33.19318181818182,0.0,18.0,1.6077272727272727,4.410454545454545,25.386363636363637,91.45454545454545,4.958636363636364,3.4477272727272723,0.0,0.0,68.35045454545455,70.21818181818182,71.62454545454545,6.01409090909091,0.0,0.18181818181818182,0.0,0.0,0.22727272727272727,0.0,0.0,0.0,0.0,0.0,0.0,0.0,0.045454545454545456,0.0,0.0,0.0,0.0,0.0,0.0,0.22727272727272727,0.0,0.0,0.0,0.09090909090909091,0.0,0.0,0.0,0.0,0.0,0.09090909090909091,0.13636363636363635,0.0,0.13636363636363635,0.6818181818181818
BUF_Tom Donahoe,73.74375,246.85,31.6625,0.0,12.4,1.331,3.839,24.75,78.65,3.6855,2.1734999999999998,0.2225,0.0,70.8445,66.8215,70.237,5.971,0.05,0.0,0.05,0.05,0.0,0.1,0.0,0.0,0.0,0.05,0.05,0.0,0.0,0.0,0.0,0.05,0.0,0.05,0.05,0.0,0.05,0.0,0.05,0.05,0.0,0.0,0.0,0.0,0.0,0.1,0.2,0.0,0.05,0.7
CAR_Dave Gettelman,73.66875,249.5,32.93125,79.08125,14.65,1.421,4.054,28.35,98.6,4.622,2.862,0.0,0.0,68.5525,72.7405,73.5645,6.0655,0.15,0.1,0.0,0.0,0.15,0.05,0.0,0.0,0.0,0.0,0.0,0.0,0.1,0.0,0.0,0.0,0.0,0.0,0.0,0.15,0.0,0.0,0.0,0.15,0.0,0.0,0.0,0.0,0.0,0.05,0.1,0.0,0.05,0.75
CAR_Marty Hurney,74.24885416666667,246.17708333333334,32.483125,29.929895833333333,14.770833333333334,1.3407291666666667,3.8035416666666664,26.484375,93.16666666666667,5.155104166666667,2.963229166666667,0.4348958333333333,0.0,68.15864583333332,67.01489583333334,69.4021875,6.031145833333333,0.041666666666666664,0.08333333333333333,0.020833333333333332,0.0625,0.09375,0.03125,0.0,0.010416666666666666,0.010416666666666666,0.020833333333333332,0.0,0.010416666666666666,0.09375,0.0,0.0,0.010416666666666666,0.010416666666666666,0.0,0.0,0.09375,0.020833333333333332,0.010416666666666666,0.0625,0.0625,0.03125,0.0,0.0,0.0,0.03125,0.0625,0.11458333333333333,0.0,0.11458333333333333,0.8020833333333334
CAR_Scott Fitterer,73.65865384615384,238.53846153846155,32.23076923076923,77.625,3.5,0.7442307692307693,2.1307692307692307,13.01923076923077,45.34615384615385,0.8630769230769231,1.0457692307692308,4.708846153846154,0.19230769230769232,71.0603846153846,69.4826923076923,71.2476923076923,6.081538461538462,0.15384615384615385,0.0,0.0,0.07692307692307693,0.0,0.07692307692307693,0.0,0.0,0.0,0.038461538461538464,0.0,0.0,0.07692307692307693,0.038461538461538464,0.0,0.0,0.0,0.0,0.0,0.0,0.0,0.0,0.07692307692307693,0.07692307692307693,0.0,0.038461538461538464,0.0,0.0,0.11538461538461539,0.07692307692307693,0.11538461538461539,0.038461538461538464,0.0,1.0
CHI_Jerry Angelo,73.55701754385964,237.21052631578948,32.050438596491226,6.728070175438597,16.035087719298247,1.2903508771929824,3.7133333333333334,26.45614035087719,87.3859649122807,4.7882456140350875,2.9480701754385965,0.08877192982456139,0.0,70.71280701754387,69.66368421052631,72.17456140350878,6.01280701754386,0.0,0.19298245614035087,0.03508771929824561,0.03508771929824561,0.12280701754385964,0.07017543859649122,0.0,0.0,0.017543859649122806,0.0,0.017543859649122806,0.0,0.07017543859649122,0.0,0.0,0.03508771929824561,0.0,0.0,0.0,0.07017543859649122,0.0,0.0,0.08771929824561403,0.05263157894736842,0.0,0.0,0.0,0.0,0.0,0.03508771929824561,0.15789473684210525,0.0,0.12280701754385964,0.7543859649122807
CHI_Phil Emery,74.2,255.2,32.5,78.28333333333333,16.8,1.3286666666666667,3.8406666666666665,27.466666666666665,98.06666666666666,5.879333333333333,3.5373333333333337,0.0,0.0,65.5,67.744,68.45133333333334,6.0120000000000005,0.0,0.06666666666666667,0.0,0.0,0.2,0.0,0.0,0.0,0.0,0.0,0.0,0.0,0.2,0.0,0.0,0.0,0.0,0.0,0.0,0.2,0.0,0.0,0.06666666666666667,0.06666666666666667,0.0,0.0,0.0,0.0,0.0,0.06666666666666667,0.13333333333333333,0.0,0.26666666666666666,0.6666666666666666
CHI_Ryan Pace,73.66705128205128,244.76923076923077,32.275769230769235,77.53217948717949,10.025641025641026,1.0264102564102564,3.0123076923076924,21.205128205128204,73.35897435897436,3.319230769230769,2.003846153846154,1.5815384615384616,0.0,73.80205128205128,70.55153846153846,73.68384615384616,6.083846153846154,0.10256410256410256,0.05128205128205128,0.0,0.07692307692307693,0.02564102564102564,0.05128205128205128,0.0,0.0,0.0,0.05128205128205128,0.0,0.0,0.10256410256410256,0.0,0.0,0.0,0.0,0.0,0.0,0.05128205128205128,0.0,0.0,0.05128205128205128,0.1282051282051282,0.05128205128205128,0.0,0.0,0.0,0.05128205128205128,0.05128205128205128,0.1282051282051282,0.0,0.1282051282051282,0.6923076923076923
CHI_Ryan Poles,74.51136363636364,245.22727272727272,32.60227272727273,78.35227272727273,6.954545454545454,1.3286363636363636,3.821363636363636,25.227272727272727,85.81818181818181,2.326363636363636,1.4431818181818181,4.736818181818182,0.18181818181818182,69.67818181818183,65.52863636363635,68.06227272727273,6.076818181818182,0.13636363636363635,0.0,0.0,0.09090909090909091,0.0,0.09090909090909091,0.0,0.0,0.0,0.0,0.0,0.0,0.045454545454545456,0.0,0.0,0.0,0.0,0.0,0.0,0.0,0.045454545454545456,0.09090909090909091,0.045454545454545456,0.09090909090909091,0.045454545454545456,0.0,0.0,0.0,0.18181818181818182,0.0,0.09090909090909091,0.045454545454545456,0.09090909090909091,0.7272727272727273
CIN_Mike Brown,74.2434023668639,246.3491124260355,32.500059171597634,51.34630177514793,14.751479289940828,1.2709467455621302,3.659112426035503,24.346153846153847,84.88757396449704,3.8134911242603553,2.353491124260355,1.1565680473372781,0.011834319526627219,69.57934911242603,68.65946745562131,70.59656804733727,6.038875739644971,0.04142011834319527,0.08875739644970414,0.011834319526627219,0.05917159763313609,0.08284023668639054,0.05325443786982249,0.0,0.005917159763313609,0.005917159763313609,0.011834319526627219,0.005917159763313609,0.011834319526627219,0.08875739644970414,0.0,0.005917159763313609,0.011834319526627219,0.0,0.005917159763313609,0.005917159763313609,0.07692307692307693,0.011834319526627219,0.011834319526627219,0.047337278106508875,0.0650887573964497,0.023668639053254437,0.005917159763313609,0.0,0.0,0.04142011834319527,0.047337278106508875,0.1242603550295858,0.011834319526627219,0.1242603550295858,0.8106508875739645
CLE_Andrew Berry,74.15,245.5142857142857,32.410714285714285,78.27857142857142,3.8857142857142857,1.0331428571428571,2.9885714285714284,17.37142857142857,54.2,1.8845714285714283,1.1640000000000001,4.764857142857143,0.14285714285714285,69.84171428571429,69.02485714285714,70.15685714285715,6.043714285714286,0.11428571428571428,0.0,0.0,0.08571428571428572,0.0,0.14285714285714285,0.0,0.0,0.0,0.02857142857142857,0.0,0.02857142857142857,0.11428571428571428,0.0,0.0,0.0,0.0,0.0,0.0,0.0,0.02857142857142857,0.0,0.02857142857142857,0.02857142857142857,0.05714285714285714,0.0,0.0,0.0,0.05714285714285714,0.02857142857142857,0.17142857142857143,0.02857142857142857,0.05714285714285714,0.9142857142857143
CLE_Butch Davis,74.2125,245.2,32.0875,0.0,10.3,0.6689999999999999,1.9259999999999997,17.1,71.0,3.543,1.687,1.42,0.0,75.072,70.374,74.731,6.069,0.0,0.0,0.1,0.1,0.0,0.0,0.0,0.0,0.1,0.0,0.1,0.0,0.0,0.0,0.0,0.0,0.1,0.1,0.2,0.0,0.0,0.0,0.1,0.0,0.0,0.0,0.0,0.0,0.0,0.1,0.0,0.0,0.1,0.7
CLE_George Kokinis,73.09375,226.375,31.875,0.0,15.5,1.4375,4.09875,21.875,72.375,4.3575,2.6825,0.0,0.0,62.927499999999995,69.59875,69.67875,6.08875,0.0,0.25,0.0,0.0,0.125,0.0,0.0,0.0,0.0,0.0,0.0,0.0,0.125,0.0,0.0,0.0,0.0,0.0,0.0,0.125,0.0,0.0,0.0,0.125,0.0,0.0,0.0,0.0,0.0,0.0,0.25,0.0,0.0,0.625
CLE_John Dorsey,72.6875,227.66666666666666,31.71875,75.28125,9.5,1.3091666666666668,3.8491666666666666,28.458333333333332,100.83333333333333,3.0058333333333334,2.1508333333333334,0.0,0.0,69.37833333333333,72.02083333333333,71.51,6.194166666666667,0.16666666666666666,0.0,0.0,0.08333333333333333,0.0,0.0,0.0,0.0,0.0,0.0,0.0,0.08333333333333333,0.25,0.0,0.0,0.0,0.0,0.0,0.0,0.0,0.0,0.0,0.08333333333333333,0.08333333333333333,0.08333333333333333,0.0,0.0,0.0,0.08333333333333333,0.0,0.08333333333333333,0.0,0.16666666666666666,0.5833333333333334
CLE_Mickael Lombardi,74.275,242.0,33.175,78.6,7.6,1.34,3.8620000000000005,26.6,94.6,5.724,3.682,0.0,0.0,67.768,61.394000000000005,66.524,5.9719999999999995,0.0,0.4,0.0,0.0,0.4,0.0,0.0,0.0,0.0,0.0,0.0,0.0,0.0,0.0,0.0,0.0,0.0,0.0,0.0,0.2,0.0,0.0,0.0,0.0,0.0,0.0,0.0,0.0,0.0,0.0,0.0,0.0,0.2,0.4
CLE_Phil Savage,73.94270833333333,242.54166666666666,32.5,0.0,16.416666666666668,1.2495833333333335,3.5879166666666666,22.479166666666668,73.0,4.29125,2.59375,0.0,0.0,70.30083333333333,66.99208333333333,69.45708333333333,6.017916666666667,0.041666666666666664,0.125,0.0,0.041666666666666664,0.16666666666666666,0.0,0.0,0.0,0.0,0.0,0.0,0.0,0.125,0.0,0.0,0.0,0.0,0.0,0.0,0.08333333333333333,0.0,0.0,0.08333333333333333,0.08333333333333333,0.041666666666666664,0.0,0.0,0.0,0.041666666666666664,0.041666666666666664,0.125,0.0,0.16666666666666666,0.7916666666666666
CLE_Ray Farmer,72.91911764705883,239.0,32.095588235294116,77.2279411764706,14.117647058823529,1.2782352941176471,3.648823529411765,26.794117647058822,95.94117647058823,4.644117647058824,2.5629411764705883,0.0,0.0,72.21764705882353,76.82176470588236,76.20823529411764,6.083529411764706,0.0,0.29411764705882354,0.0,0.0,0.17647058823529413,0.0,0.0,0.0,0.0,0.0,0.0,0.0,0.11764705882352941,0.0,0.0,0.0,0.0,0.0,0.0,0.11764705882352941,0.0,0.0,0.058823529411764705,0.11764705882352941,0.0,0.0,0.0,0.0,0.0,0.058823529411764705,0.058823529411764705,0.0,0.058823529411764705,0.7647058823529411
CLE_Sashi Brown,74.13181818181819,243.5909090909091,32.614318181818184,78.00136363636364,14.681818181818182,1.264090909090909,3.6627272727272726,28.75,101.31818181818181,3.9650000000000003,2.5954545454545457,0.0,0.0,65.36454545454545,73.27136363636363,70.95454545454545,6.100909090909091,0.0,0.045454545454545456,0.0,0.13636363636363635,0.0,0.09090909090909091,0.0,0.0,0.0,0.0,0.0,0.045454545454545456,0.13636363636363635,0.0,0.0,0.0,0.0,0.0,0.0,0.0,0.0,0.0,0.09090909090909091,0.045454545454545456,0.045454545454545456,0.0,0.0,0.0,0.13636363636363635,0.045454545454545456,0.18181818181818182,0.0,0.09090909090909091,0.8181818181818182
CLE_Tom Heckert,73.765,249.28,32.575,50.1,17.88,1.4908000000000001,4.2568,27.88,99.48,4.916,2.8212,0.0,0.0,66.1524,65.3192,67.9792,6.0248,0.0,0.24,0.0,0.0,0.2,0.0,0.0,0.0,0.0,0.0,0.0,0.0,0.08,0.0,0.0,0.0,0.0,0.0,0.0,0.16,0.0,0.0,0.08,0.12,0.0,0.0,0.0,0.0,0.0,0.04,0.08,0.0,0.12,0.8
DAL_Jerry Jones,74.23933774834437,244.91390728476821,32.61105960264901,51.329668874172185,12.708609271523178,1.1534437086092715,3.330662251655629,24.63907284768212,85.44370860927152,4.163841059602649,2.452649006622517,1.2359602649006622,0.006622516556291391,69.96370860927152,68.67165562913907,70.66940397350993,6.026026490066225,0.052980132450331126,0.13245033112582782,0.019867549668874173,0.07947019867549669,0.059602649006622516,0.046357615894039736,0.0,0.0,0.0,0.013245033112582781,0.006622516556291391,0.013245033112582781,0.12582781456953643,0.0,0.0,0.0,0.006622516556291391,0.013245033112582781,0.006622516556291391,0.0728476821192053,0.013245033112582781,0.0,0.026490066225165563,0.07947019867549669,0.019867549668874173,0.0,0.0,0.0,0.039735099337748346,0.059602649006622516,0.09933774834437085,0.006622516556291391,0.18543046357615894,0.7483443708609272
DEN_Brian Xanders,73.81944444444444,239.55555555555554,32.125,0.0,15.277777777777779,1.3305555555555555,3.7666666666666666,27.47222222222222,92.83333333333333,5.547777777777778,3.4483333333333333,0.5033333333333333,0.0,63.87611111111111,73.66222222222223,71.43222222222222,6.0616666666666665,0.0,0.2777777777777778,0.0,0.0,0.1111111111111111,0.0,0.0,0.0,0.0,0.0,0.0,0.0,0.0,0.0,0.0,0.0,0.0,0.0,0.0,0.2222222222222222,0.0,0.0,0.1111111111111111,0.05555555555555555,0.0,0.0,0.0,0.0,0.0,0.05555555555555555,0.16666666666666666,0.0,0.05555555555555555,0.9444444444444444
DEN_George Paton,73.86160714285714,232.96428571428572,32.36607142857143,75.29910714285714,3.4285714285714284,0.6860714285714286,1.9785714285714284,14.642857142857142,50.392857142857146,1.5250000000000001,0.6242857142857143,4.652142857142857,0.14285714285714285,75.3917857142857,72.97214285714286,74.31178571428572,6.062857142857142,0.17857142857142858,0.0,0.0,0.10714285714285714,0.0,0.07142857142857142,0.0,0.0,0.0,0.0,0.0,0.0,0.07142857142857142,0.0,0.0,0.0,0.0,0.0,0.0,0.0,0.0,0.0,0.03571428571428571,0.07142857142857142,0.10714285714285714,0.03571428571428571,0.0,0.0,0.0,0.03571428571428571,0.10714285714285714,0.03571428571428571,0.03571428571428571,0.9285714285714286
DEN_Jim Goodman,73.06944444444444,243.55555555555554,32.40277777777778,0.0,20.11111111111111,1.4388888888888889,4.2155555555555555,26.833333333333332,103.11111111111111,5.695555555555555,2.51,0.0,0.0,60.364444444444445,61.28333333333334,62.21333333333333,5.970000000000001,0.0,0.2222222222222222,0.0,0.0,0.1111111111111111,0.0,0.0,0.0,0.0,0.0,0.0,0.0,0.1111111111111111,0.0,0.0,0.0,0.0,0.0,0.0,0.2222222222222222,0.0,0.0,0.0,0.2222222222222222,0.0,0.0,0.0,0.0,0.0,0.0,0.1111111111111111,0.0,0.3333333333333333,0.6666666666666666
DEN_John Elway,74.3487323943662,245.88732394366198,32.54591549295775,77.95964788732395,15.690140845070422,1.2056338028169014,3.4892957746478874,23.41549295774648,79.84507042253522,4.140563380281691,2.689295774647887,0.9401408450704225,0.0,70.74845070422536,70.8530985915493,72.1525352112676,6.039577464788732,0.028169014084507043,0.09859154929577464,0.0,0.04225352112676056,0.08450704225352113,0.04225352112676056,0.0,0.014084507042253521,0.0,0.04225352112676056,0.0,0.0,0.1267605633802817,0.0,0.0,0.0,0.0,0.0,0.0,0.09859154929577464,0.0,0.014084507042253521,0.056338028169014086,0.07042253521126761,0.014084507042253521,0.0,0.0,0.0,0.028169014084507043,0.09859154929577464,0.1267605633802817,0.0,0.18309859154929578,0.7323943661971831
DEN_Ted Sundquist,73.73484848484848,247.27272727272728,32.0,0.0,16.363636363636363,1.2503030303030302,3.6,24.151515151515152,82.45454545454545,3.745454545454545,2.31030303030303,0.4212121212121212,0.0,72.38242424242424,67.74666666666667,71.79939393939394,5.996060606060606,0.09090909090909091,0.0,0.06060606060606061,0.09090909090909091,0.12121212121212122,0.030303030303030304,0.0,0.0,0.0,0.030303030303030304,0.030303030303030304,0.0,0.0,0.0,0.0,0.030303030303030304,0.06060606060606061,0.0,0.09090909090909091,0.09090909090909091,0.030303030303030304,0.0,0.09090909090909091,0.030303030303030304,0.0,0.0,0.0,0.0,0.0,0.030303030303030304,0.09090909090909091,0.0,0.12121212121212122,0.7878787878787878
DET_Bob Quinn,74.75441176470588,254.35294117647058,32.6985294117647,78.27279411764707,14.558823529411764,1.1688235294117648,3.408235294117647,24.647058823529413,81.3529411764706,4.563235294117647,2.9126470588235294,1.131470588235294,0.0,66.62411764705882,67.84558823529412,68.79794117647059,6.084411764705883,0.058823529411764705,0.029411764705882353,0.0,0.08823529411764706,0.0,0.11764705882352941,0.0,0.029411764705882353,0.0,0.058823529411764705,0.0,0.0,0.08823529411764706,0.0,0.0,0.0,0.0,0.0,0.0,0.0,0.0,0.0,0.029411764705882353,0.058823529411764705,0.08823529411764706,0.0,0.0,0.029411764705882353,0.08823529411764706,0.08823529411764706,0.08823529411764706,0.0,0.14705882352941177,0.7647058823529411
DET_Brad Holmes,73.425,233.36,31.955,77.215,3.08,0.8832000000000001,2.5907999999999998,20.2,68.08,1.4072,0.8576,4.64,0.2,76.68520000000001,74.5328,76.3496,6.1716,0.2,0.0,0.0,0.08,0.0,0.12,0.0,0.0,0.0,0.04,0.0,0.0,0.12,0.0,0.0,0.0,0.0,0.0,0.0,0.0,0.0,0.0,0.04,0.08,0.08,0.0,0.0,0.0,0.04,0.08,0.08,0.04,0.0,1.0
DET_Martin Mayhew,73.94318181818181,244.36363636363637,32.52840909090909,52.80681818181818,17.931818181818183,1.5511363636363635,4.3225,30.204545454545453,107.5909090909091,5.576818181818182,3.3227272727272723,0.21318181818181817,0.0,66.79863636363636,70.1475,71.19772727272726,6.077954545454546,0.0,0.1590909090909091,0.0,0.0,0.22727272727272727,0.0,0.0,0.0,0.0,0.0,0.0,0.0,0.1590909090909091,0.0,0.0,0.0,0.0,0.0,0.0,0.13636363636363635,0.0,0.0,0.022727272727272728,0.11363636363636363,0.0,0.0,0.0,0.0,0.0,0.06818181818181818,0.11363636363636363,0.0,0.11363636363636363,0.7045454545454546
DET_Matt Millen,73.96283783783784,244.16216216216216,32.15878378378378,0.0,13.972972972972974,1.0056756756756757,2.9143243243243244,22.60810810810811,77.94594594594595,4.107297297297297,2.4886486486486485,0.4848648648648649,0.0,68.89945945945946,67.31297297297297,70.27432432432433,6.091621621621622,0.02702702702702703,0.13513513513513514,0.02702702702702703,0.08108108108108109,0.08108108108108109,0.02702702702702703,0.0,0.02702702702702703,0.02702702702702703,0.0,0.0,0.0,0.05405405405405406,0.0,0.0,0.05405405405405406,0.0,0.0,0.05405405405405406,0.10810810810810811,0.05405405405405406,0.0,0.05405405405405406,0.08108108108108109,0.0,0.0,0.0,0.0,0.0,0.0,0.10810810810810811,0.0,0.10810810810810811,0.7567567567567568
GB_Brian Gutekunst,74.53333333333333,247.13333333333333,32.34791666666667,77.98125,9.4,1.1260000000000001,3.283666666666667,24.341666666666665,85.41666666666667,2.7565000000000004,1.8135000000000001,3.5036666666666667,0.06666666666666667,73.47233333333334,67.70366666666666,70.81016666666666,6.025,0.1,0.0,0.0,0.06666666666666667,0.0,0.08333333333333333,0.016666666666666666,0.0,0.0,0.03333333333333333,0.0,0.016666666666666666,0.11666666666666667,0.0,0.0,0.0,0.0,0.0,0.0,0.0,0.0,0.016666666666666666,0.03333333333333333,0.06666666666666667,0.06666666666666667,0.0,0.0,0.0,0.1,0.06666666666666667,0.1,0.05,0.08333333333333333,0.85
GB_Mike Sherman,75.15,273.3,32.6,0.0,17.7,1.358,3.905,26.6,90.3,5.286,3.126,0.0,0.0,68.569,59.90599999999999,66.312,6.019,0.0,0.0,0.2,0.1,0.0,0.3,0.0,0.0,0.0,0.0,0.0,0.0,0.0,0.0,0.0,0.1,0.1,0.0,0.0,0.0,0.1,0.1,0.0,0.0,0.0,0.0,0.0,0.0,0.0,0.0,0.0,0.0,0.1,0.8
GB_Ted Thompson,74.03969387755103,246.9387755102041,32.24494897959184,39.9490306122449,16.122448979591837,1.5412244897959182,4.371326530612245,29.93877551020408,100.34693877551021,5.716326530612245,3.5642857142857145,0.10224489795918366,0.0,69.7330612244898,67.16908163265306,70.06714285714285,6.013469387755102,0.01020408163265306,0.14285714285714285,0.0,0.02040816326530612,0.15306122448979592,0.02040816326530612,0.0,0.0,0.0,0.0,0.0,0.01020408163265306,0.1326530612244898,0.0,0.0,0.0,0.0,0.0,0.0,0.1326530612244898,0.0,0.0,0.061224489795918366,0.09183673469387756,0.01020408163265306,0.0,0.0,0.0,0.01020408163265306,0.04081632653061224,0.15306122448979592,0.0,0.12244897959183673,0.7244897959183674
HOU_Bill O'Brien,75.31818181818181,257.27272727272725,32.85227272727273,78.61363636363636,14.181818181818182,1.492727272727273,4.319090909090909,33.27272727272727,105.36363636363636,6.814545454545454,4.066363636363636,2.199090909090909,0.0,73.19181818181818,70.60181818181819,73.08636363636364,6.088181818181818,0.2727272727272727,0.0,0.0,0.09090909090909091,0.0,0.09090909090909091,0.0,0.0,0.0,0.0,0.0,0.0,0.09090909090909091,0.0,0.0,0.0,0.0,0.0,0.0,0.0,0.0,0.0,0.0,0.0,0.0,0.0,0.0,0.0,0.2727272727272727,0.09090909090909091,0.09090909090909091,0.0,0.2727272727272727,0.5454545454545454
HOU_Brian Gaine,74.44642857142857,246.57142857142858,33.035714285714285,67.46428571428571,12.714285714285714,0.9057142857142857,2.5914285714285716,18.857142857142858,67.57142857142857,4.03,2.487142857142857,0.0,0.0,74.56142857142858,67.5942857142857,71.56142857142856,5.9957142857142856,0.0,0.0,0.0,0.14285714285714285,0.0,0.0,0.0,0.0,0.0,0.0,0.0,0.0,0.14285714285714285,0.0,0.0,0.0,0.0,0.0,0.0,0.0,0.0,0.0,0.0,0.0,0.14285714285714285,0.0,0.0,0.0,0.14285714285714285,0.2857142857142857,0.14285714285714285,0.0,0.0,1.0
HOU_Charlie Casserly,73.45138888888889,237.44444444444446,32.00694444444444,0.0,12.11111111111111,1.001111111111111,2.876666666666667,26.444444444444443,90.05555555555556,4.395,2.5838888888888887,0.5222222222222223,0.0,74.92888888888889,68.50722222222221,73.055,6.046666666666667,0.0,0.0,0.1111111111111111,0.1111111111111111,0.0,0.05555555555555555,0.0,0.0,0.0,0.0,0.0,0.0,0.05555555555555555,0.0,0.0,0.0,0.0,0.0,0.05555555555555555,0.0,0.05555555555555555,0.0,0.1111111111111111,0.05555555555555555,0.0,0.0,0.1111111111111111,0.0,0.0,0.05555555555555555,0.16666666666666666,0.0,0.05555555555555555,0.7222222222222222
HOU_Nick Caserio,74.03333333333333,240.46666666666667,32.34583333333333,77.54583333333333,7.0,0.9283333333333333,2.7153333333333336,14.983333333333333,57.0,1.7023333333333333,1.6766666666666667,4.726,0.23333333333333334,69.01666666666667,71.54633333333332,71.537,6.072666666666667,0.06666666666666667,0.0,0.0,0.06666666666666667,0.0,0.03333333333333333,0.06666666666666667,0.0,0.0,0.06666666666666667,0.0,0.0,0.1,0.0,0.0,0.0,0.0,0.0,0.0,0.0,0.0,0.0,0.06666666666666667,0.06666666666666667,0.06666666666666667,0.03333333333333333,0.0,0.0,0.06666666666666667,0.1,0.06666666666666667,0.06666666666666667,0.0,0.9666666666666667
HOU_Rick Smith,73.87211764705883,247.83529411764707,32.45758823529412,44.75164705882353,16.776470588235295,1.5083529411764707,4.333647058823529,28.32941176470588,98.92941176470588,5.666588235294118,3.500588235294118,0.0,0.0,68.99894117647058,67.25094117647059,70.21976470588235,6.032235294117648,0.0,0.17647058823529413,0.0,0.0,0.2,0.023529411764705882,0.0,0.0,0.0,0.0,0.0,0.011764705882352941,0.07058823529411765,0.0,0.0,0.0,0.0,0.0,0.0,0.1411764705882353,0.0,0.0,0.047058823529411764,0.08235294117647059,0.011764705882352941,0.0,0.0,0.011764705882352941,0.011764705882352941,0.07058823529411765,0.11764705882352941,0.0,0.11764705882352941,0.7529411764705882
IND_Bill Polian,73.190625,241.425,31.821875,0.0,17.05,1.442,4.1585,29.7875,103.425,5.252000000000001,3.2317500000000003,0.11625,0.0,70.7165,64.96549999999999,69.66575,5.99125,0.05,0.1,0.05,0.05,0.05,0.0,0.0,0.0,0.025,0.025,0.025,0.025,0.075,0.0,0.0,0.05,0.0,0.0,0.0,0.125,0.075,0.0,0.0,0.05,0.0,0.0,0.05,0.0,0.0,0.1,0.05,0.0,0.1,0.8
IND_Chris Ballard,74.51093220338984,240.77966101694915,32.53406779661017,78.2907627118644,11.11864406779661,1.209322033898305,3.5323728813559323,27.228813559322035,94.1864406779661,3.434067796610169,2.380169491525424,2.9471186440677966,0.03389830508474576,77.56457627118645,70.9793220338983,74.19305084745763,6.046610169491525,0.06779661016949153,0.05084745762711865,0.0,0.15254237288135594,0.0,0.01694915254237288,0.0,0.0,0.0,0.05084745762711865,0.0,0.0,0.05084745762711865,0.0,0.0,0.0,0.0,0.0,0.0,0.0,0.01694915254237288,0.0,0.05084745762711865,0.0847457627118644,0.11864406779661017,0.01694915254237288,0.0,0.0,0.1016949152542373,0.05084745762711865,0.13559322033898305,0.01694915254237288,0.11864406779661017,0.8135593220338984
IND_Chris Polian,73.33823529411765,251.8235294117647,32.661764705882355,23.058823529411764,17.941176470588236,1.4023529411764706,3.7111764705882355,27.5,86.70588235294117,5.039411764705882,3.076470588235294,0.28647058823529414,0.0,68.04352941176471,71.43117647058823,71.26,6.044117647058823,0.0,0.17647058823529413,0.0,0.0,0.23529411764705882,0.0,0.0,0.0,0.0,0.0,0.0,0.0,0.11764705882352941,0.0,0.0,0.0,0.0,0.0,0.0,0.17647058823529413,0.0,0.0,0.058823529411764705,0.11764705882352941,0.0,0.0,0.0,0.0,0.0,0.058823529411764705,0.058823529411764705,0.0,0.058823529411764705,0.8235294117647058
IND_Ryan Grigson,74.0725806451613,258.96774193548384,32.645161290322584,78.0524193548387,17.193548387096776,1.4164516129032256,4.078387096774194,24.838709677419356,84.09677419354838,5.194516129032258,3.1416129032258064,0.0,0.0,71.97548387096775,70.5125806451613,72.9767741935484,6.005483870967741,0.0,0.0967741935483871,0.0,0.0,0.1935483870967742,0.03225806451612903,0.0,0.0,0.0,0.0,0.0,0.0,0.03225806451612903,0.0,0.0,0.0,0.0,0.0,0.0,0.12903225806451613,0.0,0.0,0.06451612903225806,0.06451612903225806,0.03225806451612903,0.0,0.0,0.0,0.06451612903225806,0.0967741935483871,0.12903225806451613,0.0,0.1935483870967742,0.7096774193548387
JAX_David Caldwell,73.90074074074074,238.27777777777777,32.44935185185185,77.77564814814815,11.796296296296296,1.2672222222222222,3.6575925925925925,25.064814814814813,85.35185185185185,4.126296296296296,2.4198148148148144,0.9661111111111111,0.0,72.70444444444445,73.13777777777779,74.47518518518518,6.116851851851852,0.05555555555555555,0.12962962962962962,0.0,0.037037037037037035,0.037037037037037035,0.07407407407407407,0.0,0.0,0.0,0.0,0.0,0.0,0.12962962962962962,0.0,0.0,0.0,0.0,0.0,0.0,0.05555555555555555,0.0,0.0,0.09259259259259259,0.07407407407407407,0.037037037037037035,0.0,0.0,0.0,0.07407407407407407,0.037037037037037035,0.16666666666666666,0.0,0.09259259259259259,0.8148148148148148
JAX_Gene Smith,74.02777777777777,248.16666666666666,32.81944444444444,34.99305555555556,12.666666666666666,1.3077777777777777,3.7344444444444442,28.0,96.44444444444444,5.982777777777778,3.676666666666667,0.0,0.0,64.37,69.47555555555556,68.49722222222222,6.081111111111111,0.0,0.05555555555555555,0.0,0.0,0.2777777777777778,0.0,0.0,0.0,0.0,0.0,0.0,0.0,0.05555555555555555,0.0,0.0,0.0,0.0,0.0,0.0,0.16666666666666666,0.0,0.05555555555555555,0.05555555555555555,0.05555555555555555,0.0,0.0,0.0,0.0,0.0,0.0,0.2777777777777778,0.0,0.2777777777777778,0.5555555555555556
JAX_James Harris,73.4125,236.1,31.9625,0.0,15.7,1.09825,3.1635,24.425,70.2,3.7674999999999996,2.25325,0.22874999999999995,0.0,63.373749999999994,61.817499999999995,64.512,6.012,0.025,0.1,0.025,0.05,0.1,0.0,0.0,0.0,0.025,0.0,0.025,0.025,0.1,0.0,0.0,0.025,0.0,0.025,0.075,0.05,0.025,0.025,0.025,0.075,0.025,0.0,0.0,0.0,0.025,0.05,0.1,0.0,0.125,0.725
JAX_Trent Baalke,74.32083333333334,243.96666666666667,32.40416666666667,78.1875,7.066666666666666,0.971,2.8153333333333332,20.033333333333335,71.13333333333334,1.4723333333333335,0.7566666666666667,4.738333333333333,0.16666666666666666,71.488,67.889,70.128,6.062333333333333,0.13333333333333333,0.0,0.0,0.1,0.0,0.13333333333333333,0.03333333333333333,0.0,0.0,0.0,0.0,0.03333333333333333,0.1,0.0,0.0,0.0,0.0,0.0,0.0,0.0,0.03333333333333333,0.0,0.03333333333333333,0.13333333333333333,0.03333333333333333,0.0,0.0,0.0,0.06666666666666667,0.06666666666666667,0.03333333333333333,0.03333333333333333,0.06666666666666667,0.9333333333333333
KC_Brett Veach,73.639,242.0222222222222,32.21688888888889,77.35577777777779,9.28888888888889,1.0702222222222224,3.1146666666666665,24.81111111111111,84.93333333333334,2.4406666666666665,1.5799999999999998,3.366,0.13333333333333333,75.30222222222223,70.8348888888889,73.65955555555556,6.070666666666667,0.15555555555555556,0.0,0.0,0.08888888888888889,0.0,0.08888888888888889,0.022222222222222223,0.0,0.0,0.044444444444444446,0.0,0.0,0.08888888888888889,0.0,0.0,0.0,0.0,0.0,0.0,0.0,0.0,0.0,0.022222222222222223,0.06666666666666667,0.1111111111111111,0.022222222222222223,0.0,0.0,0.06666666666666667,0.044444444444444446,0.1111111111111111,0.022222222222222223,0.13333333333333333,0.7777777777777778
KC_Carl Peterson,74.1798780487805,244.609756097561,32.55792682926829,0.0,12.951219512195122,1.3285365853658537,3.8373170731707322,26.317073170731707,78.1219512195122,4.466341463414635,2.6858536585365855,0.0,0.0,67.6090243902439,62.856829268292685,66.81512195121951,6.0148780487804885,0.024390243902439025,0.12195121951219512,0.024390243902439025,0.07317073170731707,0.0975609756097561,0.024390243902439025,0.0,0.0,0.024390243902439025,0.0,0.024390243902439025,0.024390243902439025,0.024390243902439025,0.0,0.0,0.024390243902439025,0.0,0.0,0.024390243902439025,0.07317073170731707,0.04878048780487805,0.024390243902439025,0.024390243902439025,0.04878048780487805,0.0,0.0,0.0,0.0,0.024390243902439025,0.07317073170731707,0.17073170731707318,0.0,0.0975609756097561,0.7317073170731707
KC_John Dorsey,73.62,234.24,32.355,77.33,13.72,1.3092000000000001,3.7548000000000004,26.06,89.4,4.5776,2.9536000000000002,0.1936,0.0,70.5372,66.6232,69.2268,5.9563999999999995,0.12,0.16,0.0,0.04,0.08,0.0,0.0,0.0,0.0,0.0,0.0,0.0,0.08,0.0,0.0,0.0,0.0,0.0,0.0,0.12,0.0,0.0,0.08,0.12,0.0,0.0,0.0,0.0,0.04,0.04,0.12,0.0,0.12,0.84
KC_Scott Pioli,73.29326923076923,246.6153846153846,32.28365384615385,41.87980769230769,17.692307692307693,1.5426923076923076,4.240769230769231,30.057692307692307,105.5,5.332692307692308,3.2811538461538463,0.0,0.0,70.01961538461538,68.61730769230769,71.26769230769231,6.052692307692308,0.0,0.23076923076923078,0.0,0.0,0.23076923076923078,0.0,0.0,0.0,0.0,0.0,0.0,0.0,0.038461538461538464,0.0,0.0,0.0,0.0,0.0,0.0,0.15384615384615385,0.0,0.0,0.038461538461538464,0.11538461538461539,0.0,0.0,0.0,0.0,0.0,0.038461538461538464,0.15384615384615385,0.0,0.11538461538461539,0.7692307692307693
LAC_AJ Smith,73.98880597014926,251.23880597014926,32.19962686567164,16.063432835820894,18.65671641791045,1.291044776119403,3.7114925373134326,24.261194029850746,79.80597014925372,3.9110447761194034,2.3495522388059698,0.14283582089552238,0.0,66.99537313432835,64.16462686567164,67.43731343283582,6.009850746268657,0.0,0.14925373134328357,0.029850746268656716,0.04477611940298507,0.07462686567164178,0.04477611940298507,0.0,0.0,0.0,0.014925373134328358,0.014925373134328358,0.014925373134328358,0.07462686567164178,0.0,0.0,0.0,0.014925373134328358,0.0,0.029850746268656716,0.13432835820895522,0.029850746268656716,0.014925373134328358,0.029850746268656716,0.08955223880597014,0.0,0.0,0.029850746268656716,0.0,0.014925373134328358,0.04477611940298507,0.08955223880597014,0.0,0.14925373134328357,0.7611940298507462
LAC_Joe Hortiz,74.05555555555556,229.55555555555554,32.02777777777778,77.05555555555556,9.11111111111111,1.4266666666666667,4.115555555555556,31.22222222222222,94.66666666666667,2.382222222222222,1.4333333333333333,4.648888888888889,0.2222222222222222,76.97111111111111,71.55555555555556,75.6,6.0744444444444445,0.2222222222222222,0.0,0.0,0.0,0.0,0.1111111111111111,0.0,0.0,0.0,0.0,0.0,0.0,0.1111111111111111,0.0,0.0,0.0,0.0,0.0,0.0,0.0,0.0,0.0,0.0,0.1111111111111111,0.0,0.0,0.0,0.0,0.1111111111111111,0.0,0.3333333333333333,0.0,0.1111111111111111,0.8888888888888888
LAC_Tom Telesco,73.96865671641791,245.29850746268656,32.33231343283582,77.51522388059702,13.208955223880597,1.0523880597014925,3.04955223880597,23.186567164179106,79.53731343283582,3.2197014925373133,1.946716417910448,1.825223880597015,0.014925373134328358,71.57253731343283,71.2086567164179,72.67492537313433,6.070746268656716,0.029850746268656716,0.07462686567164178,0.0,0.04477611940298507,0.05970149253731343,0.04477611940298507,0.014925373134328358,0.0,0.0,0.07462686567164178,0.0,0.0,0.13432835820895522,0.0,0.0,0.0,0.0,0.0,0.0,0.029850746268656716,0.0,0.014925373134328358,0.05970149253731343,0.08955223880597014,0.07462686567164178,0.0,0.0,0.0,0.05970149253731343,0.029850746268656716,0.1044776119402985,0.029850746268656716,0.05970149253731343,0.8208955223880597
LA_Billy Devaney,74.42105263157895,241.94736842105263,32.83552631578947,20.29605263157895,20.526315789473685,1.4221052631578948,4.0531578947368425,26.342105263157894,84.6842105263158,5.604210526315789,3.416315789473684,0.2521052631578947,0.0,62.77736842105263,67.5221052631579,67.38947368421053,6.021578947368421,0.0,0.15789473684210525,0.0,0.0,0.21052631578947367,0.0,0.0,0.0,0.0,0.0,0.0,0.0,0.10526315789473684,0.0,0.0,0.0,0.0,0.0,0.0,0.10526315789473684,0.0,0.0,0.05263157894736842,0.05263157894736842,0.0,0.0,0.0,0.0,0.0,0.10526315789473684,0.21052631578947367,0.0,0.21052631578947367,0.7368421052631579
LA_Jay Zygmunt,73.56510416666667,248.8125,31.822916666666668,0.0,14.958333333333334,1.3772916666666666,3.9629166666666666,25.302083333333332,83.64583333333333,5.001041666666667,3.0502083333333334,0.19541666666666666,0.0,70.169375,64.95937500000001,69.18041666666666,5.990833333333334,0.020833333333333332,0.0625,0.0625,0.0,0.125,0.020833333333333332,0.0,0.020833333333333332,0.020833333333333332,0.020833333333333332,0.0,0.0,0.0625,0.0,0.0,0.0625,0.0,0.020833333333333332,0.020833333333333332,0.10416666666666667,0.0,0.020833333333333332,0.041666666666666664,0.020833333333333332,0.041666666666666664,0.0,0.0,0.0,0.020833333333333332,0.08333333333333333,0.125,0.0,0.14583333333333334,0.7708333333333334
LA_Les Snead,73.5175,242.29787234042553,32.303244680851066,77.40574468085107,12.691489361702128,1.2521276595744681,3.6176595744680853,25.143617021276597,87.22340425531915,3.61531914893617,2.673085106382979,2.1172340425531915,0.010638297872340425,68.25946808510639,68.83297872340425,70.31468085106383,5.9477659574468085,0.05319148936170213,0.0851063829787234,0.0,0.05319148936170213,0.0425531914893617,0.05319148936170213,0.010638297872340425,0.010638297872340425,0.0,0.031914893617021274,0.0,0.010638297872340425,0.11702127659574468,0.0,0.0,0.0,0.0,0.0,0.0,0.06382978723404255,0.010638297872340425,0.0,0.031914893617021274,0.10638297872340426,0.05319148936170213,0.010638297872340425,0.0,0.0,0.05319148936170213,0.05319148936170213,0.11702127659574468,0.010638297872340425,0.0851063829787234,0.8085106382978723
LV_Al Davis,75.035,247.6,32.84,0.0,15.48,1.3497999999999999,3.8648000000000002,27.37,93.04,4.8044,3.1598,0.0924,0.0,73.7076,69.1334,73.3806,6.055,0.04,0.08,0.02,0.08,0.1,0.02,0.0,0.0,0.02,0.0,0.02,0.0,0.08,0.0,0.0,0.0,0.02,0.0,0.02,0.1,0.04,0.0,0.04,0.04,0.0,0.0,0.0,0.0,0.02,0.04,0.22,0.0,0.14,0.7
LV_Dave Ziegler,74.22115384615384,259.46153846153845,32.625,78.17307692307692,7.076923076923077,1.28,3.7161538461538464,25.73076923076923,89.3076923076923,2.443076923076923,0.7315384615384615,4.806923076923077,0.0,68.59538461538462,71.46692307692307,70.96923076923078,6.031538461538461,0.07692307692307693,0.0,0.0,0.0,0.0,0.3076923076923077,0.07692307692307693,0.0,0.0,0.15384615384615385,0.0,0.0,0.0,0.0,0.0,0.0,0.0,0.0,0.0,0.0,0.0,0.0,0.07692307692307693,0.07692307692307693,0.0,0.07692307692307693,0.0,0.0,0.0,0.07692307692307693,0.0,0.07692307692307693,0.07692307692307693,0.9230769230769231
LV_Hue Jackson,73.575,239.8,32.95,77.85,15.4,1.6760000000000002,4.796,32.3,113.6,5.906000000000001,3.524,0.0,0.0,69.708,63.31,67.204,5.862,0.0,0.4,0.0,0.0,0.0,0.0,0.0,0.0,0.0,0.0,0.0,0.0,0.0,0.0,0.0,0.0,0.0,0.0,0.0,0.4,0.0,0.0,0.0,0.0,0.0,0.0,0.0,0.0,0.0,0.0,0.2,0.0,0.0,0.8
LV_Mike Mayock,73.38095238095238,229.57142857142858,31.952380952380953,77.29166666666667,6.523809523809524,0.7376190476190476,2.1761904761904765,15.166666666666666,57.476190476190474,2.045238095238095,1.2266666666666668,3.150952380952381,0.0,75.43380952380951,71.99380952380953,75.14714285714285,6.172380952380952,0.19047619047619047,0.0,0.0,0.14285714285714285,0.0,0.0,0.0,0.0,0.0,0.047619047619047616,0.0,0.0,0.0,0.0,0.0,0.0,0.0,0.0,0.0,0.0,0.0,0.0,0.0,0.047619047619047616,0.23809523809523808,0.0,0.0,0.0,0.047619047619047616,0.047619047619047616,0.19047619047619047,0.0,0.14285714285714285,0.8571428571428571
LV_Reggie McKenzie,74.71479591836734,253.3673469387755,32.71969387755102,78.46448979591837,13.877551020408163,1.2722448979591838,3.6651020408163264,25.612244897959183,93.95918367346938,4.936530612244898,3.154489795918367,0.1920408163265306,0.0,68.06734693877551,67.93285714285715,69.15612244897959,5.979591836734694,0.02040816326530612,0.14285714285714285,0.0,0.04081632653061224,0.10204081632653061,0.08163265306122448,0.0,0.0,0.0,0.0,0.0,0.0,0.1836734693877551,0.0,0.0,0.0,0.0,0.0,0.0,0.08163265306122448,0.0,0.02040816326530612,0.061224489795918366,0.04081632653061224,0.02040816326530612,0.0,0.0,0.0,0.08163265306122448,0.061224489795918366,0.061224489795918366,0.0,0.1836734693877551,0.7346938775510204
LV_Tom Telesco,73.69642857142857,242.71428571428572,32.30357142857143,77.76785714285714,11.714285714285714,0.9028571428571429,2.6485714285714286,28.642857142857142,99.14285714285714,1.9942857142857144,1.8014285714285714,4.695714285714286,0.2857142857142857,78.84571428571428,75.13285714285713,77.32142857142857,6.055714285714286,0.2857142857142857,0.0,0.0,0.0,0.0,0.0,0.0,0.0,0.0,0.0,0.0,0.0,0.14285714285714285,0.0,0.0,0.0,0.0,0.0,0.0,0.0,0.0,0.0,0.0,0.14285714285714285,0.0,0.0,0.0,0.0,0.14285714285714285,0.14285714285714285,0.0,0.0,0.0,0.8571428571428571
MIA_Chris Grier,74.09707547169812,244.8679245283019,32.210283018867926,77.62037735849057,11.264150943396226,1.140754716981132,3.309433962264151,25.764150943396228,87.35849056603773,3.5824528301886795,2.083584905660377,2.679056603773585,0.05660377358490566,71.33754716981132,73.02905660377358,73.5088679245283,6.10377358490566,0.05660377358490566,0.018867924528301886,0.0,0.11320754716981132,0.0,0.07547169811320754,0.0,0.0,0.0,0.05660377358490566,0.0,0.0,0.07547169811320754,0.018867924528301886,0.0,0.0,0.0,0.0,0.0,0.0,0.018867924528301886,0.0,0.07547169811320754,0.09433962264150944,0.07547169811320754,0.0,0.0,0.0,0.11320754716981132,0.07547169811320754,0.11320754716981132,0.018867924528301886,0.09433962264150944,0.8867924528301887
MIA_Dennis Hickey,74.53125,247.58333333333334,32.666666666666664,78.20833333333333,20.25,1.6891666666666667,4.818333333333333,32.958333333333336,114.08333333333333,6.114999999999999,3.605,0.0,0.0,68.89083333333333,67.40166666666667,71.15083333333332,6.029166666666666,0.0,0.08333333333333333,0.0,0.0,0.08333333333333333,0.0,0.0,0.0,0.0,0.0,0.0,0.0,0.08333333333333333,0.0,0.0,0.0,0.0,0.0,0.0,0.25,0.0,0.0,0.0,0.08333333333333333,0.0,0.0,0.0,0.0,0.0,0.08333333333333333,0.3333333333333333,0.0,0.25,0.5833333333333334
MIA_Eddie Jones,74.21875,268.3333333333333,31.84375,0.0,19.75,1.3091666666666668,3.7616666666666667,21.125,81.25,5.083333333333333,2.983333333333333,0.0,0.0,68.74416666666666,65.91916666666667,70.06833333333334,5.9383333333333335,0.0,0.0,0.08333333333333333,0.0,0.0,0.0,0.0,0.0,0.0,0.0,0.0,0.0,0.0,0.0,0.0,0.16666666666666666,0.08333333333333333,0.25,0.0,0.0,0.16666666666666666,0.0,0.0,0.0,0.0,0.0,0.08333333333333333,0.0,0.0,0.08333333333333333,0.08333333333333333,0.0,0.16666666666666666,0.6666666666666666
MIA_Jerr Ireland,74.7,249.2,32.803125,34.890625,12.675,1.2515,3.47675,24.85,83.55,5.05675,2.99575,0.22999999999999998,0.0,68.94725,66.33,69.8725,6.05075,0.0,0.125,0.0,0.0,0.2,0.0,0.0,0.0,0.0,0.0,0.0,0.025,0.075,0.0,0.0,0.0,0.0,0.0,0.0,0.2,0.0,0.0,0.075,0.1,0.0,0.0,0.0,0.0,0.0,0.075,0.125,0.0,0.15,0.725
MIA_Randy Mueller,74.59210526315789,254.73684210526315,32.66447368421053,0.0,12.842105263157896,1.42,4.078947368421052,26.263157894736842,89.15789473684211,5.018421052631578,3.1757894736842105,0.0,0.0,71.57947368421053,63.308947368421045,68.85894736842106,6.027368421052631,0.05263157894736842,0.05263157894736842,0.0,0.05263157894736842,0.15789473684210525,0.05263157894736842,0.0,0.0,0.0,0.0,0.0,0.0,0.05263157894736842,0.0,0.0,0.0,0.0,0.0,0.0,0.15789473684210525,0.0,0.05263157894736842,0.05263157894736842,0.10526315789473684,0.0,0.0,0.0,0.0,0.05263157894736842,0.0,0.15789473684210525,0.0,0.05263157894736842,0.8421052631578947
MIN_Kwesi Adofo-Mensah,73.6375,226.45,32.33125,77.3875,2.85,0.943,2.7489999999999997,20.275,73.75,1.875,1.149,4.6905,0.25,68.02250000000001,66.2715,68.227,6.035500000000001,0.2,0.0,0.0,0.1,0.0,0.05,0.0,0.0,0.0,0.05,0.0,0.05,0.05,0.0,0.0,0.0,0.0,0.0,0.0,0.0,0.0,0.0,0.1,0.1,0.05,0.05,0.0,0.0,0.1,0.0,0.05,0.05,0.05,0.95
MIN_Rick Spielman,74.28645038167939,245.6030534351145,32.55645038167939,61.40580152671755,15.709923664122137,1.3997709923664123,4.0379389312977105,26.629770992366414,89.91603053435115,4.693206106870228,2.9259541984732826,0.8345801526717557,0.0,69.88748091603054,67.57312977099237,70.17885496183206,6.017175572519084,0.05343511450381679,0.1297709923664122,0.0,0.05343511450381679,0.09923664122137404,0.030534351145038167,0.0,0.0,0.0,0.030534351145038167,0.0,0.015267175572519083,0.12213740458015267,0.0,0.0,0.0,0.0,0.0,0.0,0.09923664122137404,0.0,0.007633587786259542,0.04580152671755725,0.04580152671755725,0.022900763358778626,0.0,0.0,0.0,0.03816793893129771,0.05343511450381679,0.13740458015267176,0.0,0.12213740458015267,0.7633587786259542
MIN_Rob Brzezinski,73.83333333333333,245.33333333333334,31.863095238095237,0.0,9.857142857142858,1.1876190476190476,3.4195238095238096,22.452380952380953,75.57142857142857,4.621428571428571,2.920952380952381,0.21333333333333335,0.0,65.82333333333334,67.41761904761904,68.29333333333334,6.051428571428572,0.047619047619047616,0.0,0.0,0.19047619047619047,0.0,0.047619047619047616,0.0,0.0,0.047619047619047616,0.0,0.09523809523809523,0.0,0.0,0.0,0.0,0.09523809523809523,0.0,0.0,0.09523809523809523,0.0,0.047619047619047616,0.047619047619047616,0.0,0.047619047619047616,0.0,0.0,0.0,0.0,0.047619047619047616,0.047619047619047616,0.14285714285714285,0.0,0.09523809523809523,0.8095238095238095
NE_Bill Belichick,74.05570967741936,249.55483870967743,32.35006451612903,49.73151612903226,12.832258064516129,1.1851612903225806,3.4244516129032254,23.883870967741935,80.65806451612903,3.52458064516129,2.184322580645161,1.269483870967742,0.01935483870967742,68.16438709677419,66.17090322580646,68.50270967741936,6.006774193548387,0.05806451612903226,0.07096774193548387,0.012903225806451613,0.04516129032258064,0.1032258064516129,0.03225806451612903,0.0064516129032258064,0.0,0.0064516129032258064,0.05161290322580645,0.0,0.0064516129032258064,0.08387096774193549,0.0,0.0,0.0,0.0064516129032258064,0.0,0.0064516129032258064,0.07096774193548387,0.0,0.01935483870967742,0.07741935483870968,0.05806451612903226,0.012903225806451613,0.0,0.0064516129032258064,0.012903225806451613,0.05806451612903226,0.07741935483870968,0.0967741935483871,0.012903225806451613,0.10967741935483871,0.7870967741935484
NO_Mickey Loomis,74.16815573770491,247.36885245901638,32.44573770491803,48.08418032786886,13.442622950819672,1.228360655737705,3.5431147540983607,24.774590163934427,84.77049180327869,4.0238524590163935,2.4981147540983604,1.0984426229508195,0.0,71.66131147540983,69.10499999999999,71.69852459016393,6.058770491803278,0.03278688524590164,0.12295081967213115,0.0,0.04918032786885246,0.08196721311475409,0.05737704918032787,0.00819672131147541,0.00819672131147541,0.0,0.00819672131147541,0.0,0.00819672131147541,0.10655737704918032,0.0,0.0,0.02459016393442623,0.0,0.00819672131147541,0.0,0.07377049180327869,0.00819672131147541,0.00819672131147541,0.04918032786885246,0.05737704918032787,0.040983606557377046,0.00819672131147541,0.0,0.0,0.05737704918032787,0.02459016393442623,0.12295081967213115,0.00819672131147541,0.08196721311475409,0.8032786885245902
NYG_Dave Gettelman,74.23214285714286,245.10714285714286,32.53125,77.98214285714286,12.035714285714286,1.2325,3.5710714285714285,21.392857142857142,75.5,3.117857142857143,2.2296428571428573,2.191785714285714,0.0,75.005,74.05392857142859,75.22071428571428,6.126071428571429,0.21428571428571427,0.0,0.0,0.14285714285714285,0.0,0.10714285714285714,0.0,0.0,0.0,0.07142857142857142,0.0,0.0,0.14285714285714285,0.0,0.0,0.0,0.0,0.0,0.0,0.0,0.0,0.0,0.07142857142857142,0.07142857142857142,0.03571428571428571,0.0,0.0,0.0,0.07142857142857142,0.0,0.07142857142857142,0.0,0.10714285714285714,0.7142857142857143
NYG_Ernie Accorsi,74.578125,252.0,32.40625,0.0,16.041666666666668,1.095,3.1683333333333334,21.4375,76.33333333333333,4.351666666666667,2.5837499999999998,0.39749999999999996,0.0,74.27416666666666,65.68458333333334,71.83208333333333,5.98875,0.041666666666666664,0.08333333333333333,0.041666666666666664,0.16666666666666666,0.08333333333333333,0.041666666666666664,0.0,0.0,0.041666666666666664,0.0,0.0,0.0,0.041666666666666664,0.0,0.0,0.0,0.041666666666666664,0.041666666666666664,0.0,0.041666666666666664,0.08333333333333333,0.0,0.041666666666666664,0.041666666666666664,0.0,0.0,0.041666666666666664,0.0,0.0,0.041666666666666664,0.08333333333333333,0.0,0.041666666666666664,0.7083333333333334
NYG_Jerry Reese,74.19963768115942,246.65217391304347,32.84804347826087,46.44579710144928,15.492753623188406,1.5440579710144928,4.431739130434783,28.695652173913043,99.79710144927536,5.860579710144927,3.555217391304348,0.0,0.0,67.72608695652174,69.06942028985507,70.74115942028986,6.044492753623189,0.014492753623188406,0.15942028985507245,0.0,0.014492753623188406,0.14492753623188406,0.014492753623188406,0.0,0.0,0.0,0.0,0.0,0.0,0.10144927536231885,0.0,0.0,0.0,0.0,0.0,0.0,0.15942028985507245,0.0,0.014492753623188406,0.057971014492753624,0.10144927536231885,0.014492753623188406,0.0,0.0,0.0,0.014492753623188406,0.057971014492753624,0.13043478260869565,0.0,0.18840579710144928,0.6521739130434783
NYG_Joe Schoen,73.67857142857143,236.9047619047619,31.958333333333332,77.28571428571429,7.666666666666667,1.000952380952381,2.9004761904761907,25.428571428571427,80.95238095238095,2.452857142857143,1.7042857142857142,4.701904761904761,0.23809523809523808,76.34238095238095,72.90238095238095,75.3652380952381,6.105714285714286,0.14285714285714285,0.0,0.0,0.047619047619047616,0.0,0.047619047619047616,0.0,0.0,0.0,0.09523809523809523,0.0,0.0,0.09523809523809523,0.0,0.0,0.0,0.0,0.0,0.0,0.0,0.0,0.0,0.0,0.09523809523809523,0.09523809523809523,0.047619047619047616,0.0,0.0,0.047619047619047616,0.09523809523809523,0.09523809523809523,0.047619047619047616,0.047619047619047616,0.9523809523809523
NYJ_Joe Douglas,74.35670731707317,242.70731707317074,32.640243902439025,78.45731707317073,8.146341463414634,0.7980487804878048,2.3190243902439023,15.5,55.4390243902439,1.2290243902439024,0.8539024390243902,4.033414634146341,0.0975609756097561,74.73390243902439,71.43951219512195,74.27341463414635,6.131707317073171,0.12195121951219512,0.0,0.0,0.07317073170731707,0.0,0.04878048780487805,0.024390243902439025,0.0,0.0,0.024390243902439025,0.0,0.0,0.04878048780487805,0.0,0.0,0.0,0.0,0.0,0.0,0.0,0.024390243902439025,0.024390243902439025,0.07317073170731707,0.12195121951219512,0.0975609756097561,0.0,0.0,0.0,0.12195121951219512,0.07317073170731707,0.0975609756097561,0.0,0.12195121951219512,0.8536585365853658
NYJ_John Idzik,73.45138888888889,240.88888888888889,32.263888888888886,77.25694444444444,16.22222222222222,1.392777777777778,3.978888888888889,25.0,89.5,3.717777777777778,2.229444444444445,0.0,0.0,65.04833333333335,67.17777777777778,67.19944444444445,5.951666666666666,0.0,0.2222222222222222,0.0,0.0,0.1111111111111111,0.0,0.0,0.0,0.0,0.0,0.0,0.0,0.1111111111111111,0.0,0.0,0.0,0.0,0.0,0.0,0.16666666666666666,0.0,0.0,0.1111111111111111,0.05555555555555555,0.0,0.0,0.0,0.0,0.0,0.05555555555555555,0.16666666666666666,0.0,0.1111111111111111,0.7777777777777778
NYJ_Mike Maccagnan,74.3704,245.8,32.6004,78.4206,13.48,1.3832,4.0032,27.42,97.36,4.9048,3.1692,0.0,0.0,68.9592,69.0404,70.8232,6.105599999999999,0.08,0.08,0.0,0.0,0.08,0.08,0.0,0.0,0.0,0.0,0.0,0.0,0.16,0.0,0.0,0.0,0.0,0.0,0.0,0.04,0.0,0.04,0.12,0.04,0.0,0.0,0.0,0.0,0.04,0.08,0.16,0.0,0.12,0.64
NYJ_Mike Tannenbaum,73.61428571428571,242.11428571428573,32.28928571428571,24.382142857142856,15.514285714285714,1.3765714285714286,3.9397142857142855,27.8,95.71428571428571,5.573142857142857,3.3885714285714283,0.1397142857142857,0.0,67.31057142857142,69.25028571428572,70.296,6.06,0.0,0.14285714285714285,0.0,0.0,0.14285714285714285,0.0,0.0,0.0,0.0,0.0,0.0,0.0,0.08571428571428572,0.0,0.0,0.0,0.0,0.0,0.0,0.11428571428571428,0.0,0.0,0.14285714285714285,0.17142857142857143,0.0,0.0,0.0,0.0,0.0,0.05714285714285714,0.14285714285714285,0.0,0.11428571428571428,0.8
NYJ_Terry Bradway,73.5297619047619,238.76190476190476,31.732142857142858,0.0,13.761904761904763,1.0219047619047619,2.932857142857143,23.214285714285715,77.52380952380952,4.476666666666667,2.3899999999999997,0.21904761904761902,0.0,66.71000000000001,60.18095238095238,65.17904761904762,5.99,0.047619047619047616,0.0,0.047619047619047616,0.09523809523809523,0.0,0.09523809523809523,0.0,0.0,0.14285714285714285,0.0,0.09523809523809523,0.047619047619047616,0.0,0.0,0.0,0.0,0.0,0.0,0.047619047619047616,0.0,0.09523809523809523,0.0,0.047619047619047616,0.047619047619047616,0.09523809523809523,0.0,0.0,0.0,0.0,0.047619047619047616,0.047619047619047616,0.0,0.047619047619047616,0.7142857142857143
PHI_Andy Reid,73.62183544303798,247.8227848101266,32.56962025316456,17.424050632911392,16.481012658227847,1.3039240506329115,3.7503797468354425,24.170886075949365,82.54430379746836,4.430126582278481,2.837974683544304,0.11708860759493671,0.0,66.35,64.18139240506329,67.23797468354431,5.981139240506329,0.0,0.12658227848101267,0.02531645569620253,0.0379746835443038,0.13924050632911392,0.012658227848101266,0.0,0.012658227848101266,0.0,0.012658227848101266,0.0,0.012658227848101266,0.11392405063291139,0.0,0.0,0.0,0.0,0.02531645569620253,0.0,0.13924050632911392,0.02531645569620253,0.0,0.0379746835443038,0.08860759493670886,0.012658227848101266,0.0,0.012658227848101266,0.0,0.012658227848101266,0.0379746835443038,0.11392405063291139,0.0,0.11392405063291139,0.7721518987341772
PHI_Chip Kelly,72.28125,209.5,31.59375,77.34375,16.25,1.1825,3.3875,19.25,62.25,3.37,2.0300000000000002,0.0,0.0,79.94749999999999,72.12,76.38499999999999,6.0525,0.0,0.5,0.0,0.0,0.0,0.0,0.0,0.0,0.0,0.0,0.0,0.0,0.25,0.0,0.0,0.0,0.0,0.0,0.0,0.0,0.0,0.0,0.0,0.0,0.0,0.0,0.0,0.0,0.0,0.0,0.25,0.0,0.0,1.0
PHI_Howie Roseman,74.10520000000001,241.37333333333333,32.30853333333333,76.567,10.36,1.0649333333333333,3.102133333333333,22.666666666666668,78.53333333333333,2.9448000000000003,2.1352,2.639733333333333,0.05333333333333334,75.3988,71.95293333333333,74.24826666666667,6.061866666666666,0.06666666666666667,0.09333333333333334,0.0,0.10666666666666667,0.05333333333333334,0.06666666666666667,0.013333333333333334,0.0,0.0,0.02666666666666667,0.0,0.0,0.08,0.0,0.0,0.0,0.0,0.0,0.0,0.0,0.013333333333333334,0.0,0.06666666666666667,0.06666666666666667,0.04,0.013333333333333334,0.0,0.0,0.06666666666666667,0.04,0.14666666666666667,0.0,0.12,0.8133333333333334
PIT_Kevin Colbert,74.04911538461539,247.51538461538462,32.527076923076926,46.71261538461539,14.446153846153846,1.2673846153846153,3.6446923076923077,25.723076923076924,86.5,4.2994615384615384,2.801769230769231,0.663,0.0,67.99476923076922,68.26976923076923,69.63723076923077,6.0,0.038461538461538464,0.1,0.007692307692307693,0.038461538461538464,0.13076923076923078,0.03076923076923077,0.0,0.0,0.0,0.015384615384615385,0.0,0.0,0.1076923076923077,0.0,0.0,0.0,0.0,0.0,0.0,0.1,0.007692307692307693,0.015384615384615385,0.05384615384615385,0.09230769230769231,0.023076923076923078,0.0,0.007692307692307693,0.007692307692307693,0.038461538461538464,0.06153846153846154,0.12307692307692308,0.0,0.1076923076923077,0.8076923076923077
PIT_Omar Khan,74.80555555555556,248.16666666666666,32.625,78.50694444444444,9.555555555555555,1.5333333333333334,4.444444444444445,27.833333333333332,93.16666666666667,1.9755555555555557,1.9183333333333334,4.758333333333334,0.1111111111111111,79.62444444444445,74.57055555555556,77.04666666666667,6.126666666666667,0.16666666666666666,0.0,0.0,0.0,0.0,0.16666666666666666,0.05555555555555555,0.0,0.0,0.05555555555555555,0.0,0.0,0.05555555555555555,0.0,0.0,0.0,0.0,0.0,0.0,0.0,0.05555555555555555,0.0,0.05555555555555555,0.0,0.0,0.0,0.0,0.0,0.05555555555555555,0.1111111111111111,0.16666666666666666,0.0,0.05555555555555555,0.8888888888888888
SEA_Bob Ferguson,74.1,248.0,31.691666666666666,0.0,12.533333333333333,1.0966666666666667,3.1746666666666665,24.6,83.13333333333334,5.244666666666666,3.0733333333333333,0.0,0.0,61.77066666666666,54.24,58.672000000000004,5.996666666666667,0.0,0.0,0.06666666666666667,0.0,0.0,0.2,0.0,0.06666666666666667,0.06666666666666667,0.0,0.13333333333333333,0.06666666666666667,0.0,0.0,0.0,0.06666666666666667,0.0,0.06666666666666667,0.0,0.0,0.06666666666666667,0.06666666666666667,0.06666666666666667,0.0,0.0,0.0,0.0,0.0,0.0,0.0,0.06666666666666667,0.0,0.0,0.8666666666666667
SEA_John Schneider/Pete Carroll,74.09426605504586,248.90825688073394,32.721559633027525,72.57128440366972,14.623853211009175,1.416788990825688,4.091192660550458,26.573394495412845,91.54128440366972,4.216330275229358,2.5091743119266057,1.524954128440367,0.01834862385321101,71.22733944954128,68.74733944954129,70.8602752293578,6.017247706422018,0.05504587155963303,0.11009174311926606,0.0,0.03669724770642202,0.11009174311926606,0.07339449541284404,0.009174311926605505,0.0,0.0,0.03669724770642202,0.0,0.0,0.09174311926605505,0.0,0.0,0.0,0.0,0.0,0.0,0.06422018348623854,0.0,0.009174311926605505,0.009174311926605505,0.11009174311926606,0.027522935779816515,0.0,0.0,0.0,0.07339449541284404,0.05504587155963303,0.11009174311926606,0.009174311926605505,0.06422018348623854,0.8715596330275229
SEA_Tim Ruskell,74.03225806451613,251.16129032258064,32.778225806451616,0.0,18.161290322580644,1.406774193548387,4.035161290322581,26.129032258064516,93.58064516129032,5.440645161290322,3.3941935483870966,0.0,0.0,57.0558064516129,57.95870967741936,59.928064516129034,5.989032258064516,0.0,0.0967741935483871,0.0,0.0,0.16129032258064516,0.0,0.0,0.0,0.0,0.0,0.0,0.0,0.12903225806451613,0.0,0.0,0.0,0.0,0.0,0.0,0.0967741935483871,0.0,0.03225806451612903,0.03225806451612903,0.0967741935483871,0.0,0.0,0.0,0.03225806451612903,0.06451612903225806,0.0967741935483871,0.12903225806451613,0.0,0.03225806451612903,0.9032258064516129
SF_John Lynch,73.54042372881356,234.0677966101695,32.044830508474575,75.75466101694914,9.389830508474576,1.0054237288135592,2.9266101694915254,22.11864406779661,74.11864406779661,2.7833898305084745,1.7705084745762714,3.1308474576271186,0.01694915254237288,69.83338983050848,66.93016949152542,68.4628813559322,5.9777966101694915,0.1016949152542373,0.01694915254237288,0.0,0.05084745762711865,0.0,0.05084745762711865,0.01694915254237288,0.0,0.0,0.05084745762711865,0.0,0.01694915254237288,0.11864406779661017,0.0,0.0,0.0,0.0,0.0,0.0,0.0,0.0,0.01694915254237288,0.05084745762711865,0.0847457627118644,0.05084745762711865,0.01694915254237288,0.0,0.0,0.0847457627118644,0.0847457627118644,0.1694915254237288,0.01694915254237288,0.0847457627118644,0.8135593220338984
SF_Scot McCloughan,73.98263888888889,246.77777777777777,32.49305555555556,0.0,14.916666666666666,1.2069444444444446,3.466111111111111,23.73611111111111,78.77777777777777,4.656666666666667,2.805833333333333,0.12611111111111112,0.0,66.98916666666668,65.51249999999999,68.24583333333334,6.020555555555556,0.05555555555555555,0.1388888888888889,0.0,0.0,0.19444444444444445,0.027777777777777776,0.0,0.0,0.0,0.027777777777777776,0.0,0.0,0.08333333333333333,0.0,0.0,0.0,0.0,0.0,0.0,0.08333333333333333,0.0,0.0,0.05555555555555555,0.08333333333333333,0.0,0.0,0.0,0.0,0.0,0.1111111111111111,0.1111111111111111,0.0,0.05555555555555555,0.8611111111111112
SF_Terry Donahue,74.50833333333334,242.26666666666668,32.05,0.0,10.0,1.2293333333333334,3.516,24.766666666666666,75.06666666666666,4.957333333333334,2.884666666666667,0.6193333333333333,0.0,65.62333333333333,65.296,67.404,5.976,0.0,0.0,0.0,0.06666666666666667,0.0,0.13333333333333333,0.0,0.0,0.06666666666666667,0.0,0.06666666666666667,0.0,0.0,0.0,0.0,0.0,0.0,0.06666666666666667,0.0,0.0,0.06666666666666667,0.06666666666666667,0.13333333333333333,0.0,0.0,0.0,0.0,0.0,0.0,0.06666666666666667,0.26666666666666666,0.0,0.0,0.8
SF_Trent Baalke,74.21551724137932,248.48275862068965,32.6875,68.86206896551724,15.10344827586207,1.2675862068965515,3.629137931034483,23.21551724137931,85.05172413793103,4.271896551724138,2.6672413793103447,0.1596551724137931,0.0,65.22413793103448,64.84137931034483,67.17603448275862,6.0024137931034485,0.034482758620689655,0.13793103448275862,0.0,0.034482758620689655,0.1724137931034483,0.0,0.0,0.0,0.0,0.017241379310344827,0.0,0.0,0.06896551724137931,0.0,0.0,0.0,0.0,0.0,0.0,0.13793103448275862,0.0,0.017241379310344827,0.034482758620689655,0.1206896551724138,0.0,0.0,0.0,0.0,0.034482758620689655,0.06896551724137931,0.1206896551724138,0.0,0.1724137931034483,0.7758620689655172
TB_Bruce Allen,74.51736111111111,248.44444444444446,32.59375,0.0,15.777777777777779,1.3805555555555555,3.9694444444444446,27.25,88.25,5.439722222222223,3.3047222222222223,0.0,0.0,72.395,68.30361111111111,72.40972222222223,5.995277777777778,0.0,0.1111111111111111,0.0,0.0,0.1111111111111111,0.027777777777777776,0.0,0.0,0.027777777777777776,0.027777777777777776,0.0,0.0,0.08333333333333333,0.0,0.0,0.027777777777777776,0.0,0.027777777777777776,0.0,0.1388888888888889,0.0,0.0,0.027777777777777776,0.08333333333333333,0.05555555555555555,0.0,0.0,0.0,0.027777777777777776,0.05555555555555555,0.16666666666666666,0.0,0.1111111111111111,0.8055555555555556
TB_Jason Licht,73.63577464788733,240.7887323943662,32.0687323943662,77.0531690140845,11.859154929577464,1.1630985915492957,3.365211267605634,21.739436619718308,69.43661971830986,3.2616901408450705,2.036619718309859,2.257323943661972,0.014084507042253521,69.48408450704225,67.63478873239436,68.99957746478874,6.0574647887323945,0.09859154929577464,0.014084507042253521,0.0,0.07042253521126761,0.0,0.08450704225352113,0.014084507042253521,0.014084507042253521,0.0,0.0,0.0,0.028169014084507043,0.1267605633802817,0.0,0.0,0.0,0.0,0.0,0.0,0.04225352112676056,0.014084507042253521,0.014084507042253521,0.028169014084507043,0.11267605633802817,0.056338028169014086,0.0,0.0,0.0,0.07042253521126761,0.07042253521126761,0.11267605633802817,0.014084507042253521,0.11267605633802817,0.7887323943661971
TB_Mark Dominik,73.85,246.03333333333333,32.395833333333336,43.775,17.366666666666667,1.3946666666666667,3.9916666666666667,27.483333333333334,95.16666666666667,4.781000000000001,2.9256666666666664,0.162,0.0,63.620333333333335,66.62266666666667,67.24766666666667,6.026333333333333,0.0,0.13333333333333333,0.0,0.0,0.3,0.0,0.0,0.0,0.0,0.0,0.0,0.0,0.16666666666666666,0.0,0.0,0.0,0.0,0.0,0.0,0.03333333333333333,0.0,0.03333333333333333,0.06666666666666667,0.1,0.0,0.0,0.0,0.0,0.0,0.1,0.06666666666666667,0.0,0.06666666666666667,0.8666666666666667
TB_Rich McKay,74.64583333333333,262.8333333333333,31.6875,0.0,15.333333333333334,1.4566666666666668,4.251666666666666,30.166666666666668,105.83333333333333,7.579999999999999,4.491666666666666,0.0,0.0,62.663333333333334,64.34333333333333,66.90666666666667,5.941666666666666,0.0,0.0,0.16666666666666666,0.16666666666666666,0.0,0.0,0.0,0.0,0.0,0.0,0.0,0.0,0.0,0.0,0.0,0.0,0.16666666666666666,0.16666666666666666,0.0,0.0,0.16666666666666666,0.0,0.16666666666666666,0.0,0.0,0.0,0.0,0.0,0.0,0.0,0.0,0.0,0.0,1.0
TEN_Floyd Reese,74.44318181818181,249.3030303030303,32.36363636363637,0.0,14.090909090909092,1.1545454545454545,3.2763636363636364,23.863636363636363,84.24242424242425,4.763939393939395,2.653030303030303,0.27181818181818185,0.0,68.8209090909091,63.268787878787876,67.62090909090908,6.007272727272728,0.030303030303030304,0.030303030303030304,0.09090909090909091,0.09090909090909091,0.030303030303030304,0.09090909090909091,0.0,0.06060606060606061,0.030303030303030304,0.0,0.030303030303030304,0.0,0.06060606060606061,0.0,0.0,0.0,0.0,0.030303030303030304,0.0,0.0,0.030303030303030304,0.0,0.030303030303030304,0.06060606060606061,0.030303030303030304,0.0,0.0,0.0,0.09090909090909091,0.06060606060606061,0.12121212121212122,0.0,0.06060606060606061,0.8181818181818182
TEN_Jon Robinson,73.85197674418605,237.69767441860466,32.267906976744186,77.24744186046512,9.651162790697674,1.0625581395348838,3.0760465116279074,21.302325581395348,73.16279069767442,2.885813953488372,1.7706976744186047,2.4848837209302324,0.023255813953488372,70.87232558139536,73.10627906976744,73.59906976744186,6.102093023255813,0.11627906976744186,0.023255813953488372,0.0,0.06976744186046512,0.0,0.023255813953488372,0.0,0.0,0.0,0.06976744186046512,0.0,0.0,0.16279069767441862,0.0,0.0,0.0,0.0,0.0,0.0,0.0,0.0,0.0,0.06976744186046512,0.06976744186046512,0.06976744186046512,0.0,0.0,0.0,0.09302325581395349,0.046511627906976744,0.18604651162790697,0.0,0.13953488372093023,0.7441860465116279
TEN_Mike Reinfeldt,73.45075757575758,238.78787878787878,32.68939393939394,13.825757575757576,17.272727272727273,1.5960606060606062,4.577878787878788,29.439393939393938,99.63636363636364,4.542727272727273,3.0215151515151515,0.0,0.0,70.57787878787879,69.49151515151515,72.17545454545454,6.03060606060606,0.0,0.15151515151515152,0.0,0.0,0.21212121212121213,0.0,0.0,0.0,0.0,0.0,0.0,0.0,0.15151515151515152,0.0,0.0,0.0,0.0,0.0,0.0,0.09090909090909091,0.0,0.0,0.030303030303030304,0.12121212121212122,0.0,0.0,0.0,0.0,0.0,0.06060606060606061,0.18181818181818182,0.0,0.12121212121212122,0.696969696969697
TEN_Ran Carthon,74.73958333333333,258.5,32.5,78.64583333333333,6.416666666666667,0.9725,2.8275,27.75,96.91666666666667,0.65,0.0,4.751666666666666,0.16666666666666666,71.39333333333333,75.44,75.02166666666666,6.163333333333333,0.08333333333333333,0.0,0.0,0.08333333333333333,0.0,0.08333333333333333,0.0,0.0,0.0,0.0,0.0,0.0,0.08333333333333333,0.0,0.0,0.0,0.0,0.0,0.0,0.0,0.16666666666666666,0.0,0.08333333333333333,0.08333333333333333,0.08333333333333333,0.0,0.0,0.0,0.08333333333333333,0.08333333333333333,0.08333333333333333,0.0,0.16666666666666666,0.75
TEN_Ruston Webster,73.78571428571429,249.46428571428572,32.517857142857146,77.64285714285714,17.071428571428573,1.5521428571428573,4.436428571428571,29.785714285714285,108.10714285714286,5.631785714285714,3.4074999999999998,0.185,0.0,72.09714285714286,69.06928571428571,71.72357142857143,6.015,0.0,0.21428571428571427,0.0,0.0,0.17857142857142858,0.0,0.0,0.0,0.0,0.0,0.0,0.0,0.10714285714285714,0.0,0.0,0.0,0.0,0.0,0.0,0.17857142857142858,0.0,0.0,0.07142857142857142,0.10714285714285714,0.0,0.0,0.0,0.0,0.0,0.0,0.14285714285714285,0.0,0.14285714285714285,0.8214285714285714
WAS_Adam Peters,74.015625,228.25,32.15625,76.9375,1.75,1.17,3.41625,28.125,93.875,3.4175,2.05,4.5925,0.0,79.45375,73.68625,75.8075,6.06375,0.125,0.0,0.0,0.125,0.0,0.125,0.0,0.0,0.0,0.0,0.0,0.0,0.125,0.0,0.0,0.0,0.0,0.0,0.0,0.0,0.0,0.0,0.125,0.0,0.125,0.0,0.0,0.0,0.0,0.125,0.125,0.0,0.25,0.75
WAS_Bruce Allen,73.78725806451612,240.4516129032258,32.41209677419355,77.43612903225807,15.03225806451613,1.3151612903225807,3.817096774193548,27.016129032258064,83.25806451612904,3.7435483870967743,2.410967741935484,0.2874193548387097,0.0,70.47193548387096,70.5658064516129,71.40548387096774,6.03483870967742,0.06451612903225806,0.06451612903225806,0.0,0.0967741935483871,0.0,0.0967741935483871,0.0,0.0,0.0,0.0,0.0,0.0,0.16129032258064516,0.0,0.0,0.0,0.0,0.0,0.0,0.0,0.0,0.0,0.06451612903225806,0.12903225806451613,0.03225806451612903,0.0,0.0,0.0,0.03225806451612903,0.03225806451612903,0.16129032258064516,0.0,0.12903225806451613,0.8387096774193549
WAS_Daniel Snyder,74.38020833333333,242.33333333333334,32.302083333333336,78.09895833333333,5.708333333333333,0.805,2.3379166666666666,15.729166666666666,59.25,1.8708333333333333,1.1612500000000001,4.7283333333333335,0.0,75.20333333333333,69.85583333333334,72.2925,6.0062500000000005,0.041666666666666664,0.0,0.0,0.16666666666666666,0.0,0.041666666666666664,0.0,0.0,0.0,0.041666666666666664,0.0,0.0,0.08333333333333333,0.0,0.0,0.0,0.0,0.0,0.0,0.0,0.0,0.0,0.041666666666666664,0.041666666666666664,0.125,0.0,0.0,0.0,0.08333333333333333,0.08333333333333333,0.20833333333333334,0.0,0.2916666666666667,0.6666666666666666
WAS_Martin Mayhew,74.14285714285714,239.42857142857142,32.5,78.82142857142857,4.857142857142857,1.16,3.384285714285714,29.285714285714285,101.71428571428571,1.0757142857142858,0.6571428571428571,4.744285714285715,0.0,73.18857142857144,70.31142857142858,72.23,5.95,0.2857142857142857,0.0,0.0,0.0,0.0,0.0,0.2857142857142857,0.0,0.0,0.14285714285714285,0.0,0.0,0.0,0.0,0.0,0.0,0.0,0.0,0.0,0.0,0.0,0.0,0.0,0.14285714285714285,0.0,0.0,0.0,0.0,0.0,0.0,0.0,0.0,0.14285714285714285,0.8571428571428571
WAS_Mike Shanahan,73.65178571428571,251.0,32.267857142857146,65.76785714285714,16.464285714285715,1.4375,4.0964285714285715,27.964285714285715,96.78571428571429,4.9325,3.0028571428571427,0.0,0.0,68.38714285714285,69.9675,70.58571428571429,5.967142857142858,0.0,0.14285714285714285,0.0,0.0,0.17857142857142858,0.0,0.0,0.0,0.0,0.0,0.0,0.0,0.07142857142857142,0.0,0.0,0.0,0.0,0.0,0.0,0.25,0.0,0.0,0.07142857142857142,0.14285714285714285,0.0,0.0,0.0,0.0,0.0,0.03571428571428571,0.10714285714285714,0.0,0.17857142857142858,0.7142857142857143
WAS_Scott McCloughhan,73.83653846153847,247.92307692307693,32.45192307692308,78.02884615384616,12.923076923076923,1.3030769230769232,3.673076923076923,23.346153846153847,81.38461538461539,3.8923076923076922,2.36,0.0,0.0,63.16076923076923,67.50615384615384,66.6,6.001538461538461,0.0,0.15384615384615385,0.0,0.0,0.07692307692307693,0.0,0.0,0.0,0.0,0.0,0.0,0.07692307692307693,0.15384615384615385,0.0,0.0,0.0,0.0,0.0,0.0,0.3076923076923077,0.0,0.0,0.0,0.15384615384615385,0.0,0.0,0.0,0.0,0.0,0.0,0.07692307692307693,0.0,0.0,1.0
WAS_Vinny Cerrato,74.08712121212122,240.6969696969697,32.56060606060606,0.0,13.515151515151516,0.9972727272727272,2.8678787878787877,19.848484848484848,65.15151515151516,3.519090909090909,2.083636363636364,0.42424242424242425,0.0,65.89333333333333,63.797575757575764,66.1939393939394,6.026060606060606,0.030303030303030304,0.15151515151515152,0.0,0.0,0.06060606060606061,0.0,0.0,0.030303030303030304,0.030303030303030304,0.0,0.0,0.0,0.21212121212121213,0.0,0.0,0.0,0.0,0.0,0.0,0.030303030303030304,0.09090909090909091,0.030303030303030304,0.09090909090909091,0.030303030303030304,0.0,0.0,0.0,0.0,0.0,0.09090909090909091,0.12121212121212122,0.0,0.12121212121212122,0.696969696969697
